--
-- PostgreSQL database dump
--

-- Dumped from database version 9.6.7
-- Dumped by pg_dump version 9.6.7

SET statement_timeout = 0;
SET lock_timeout = 0;
SET idle_in_transaction_session_timeout = 0;
SET client_encoding = 'UTF8';
SET standard_conforming_strings = on;
SET check_function_bodies = false;
SET client_min_messages = warning;
SET row_security = off;

SET search_path = public, pg_catalog;

--
-- Data for Name: album; Type: TABLE DATA; Schema: public; Owner: postgres
--

COPY album (idalbum, nomalbum, datealbum, urlpochettealbum, descriptionalbum) FROM stdin;
12	ceinture noire	2018-03-23	https://static.fnac-static.com/multimedia/Images/FR/NR/52/3e/90/9453138/1540-1/tsp20180216104236/Ceinture-Noire-1er-Dan.jpg	Ceinture Noire est le troisième album studio du chanteur français Maître Gims, sorti le 23 mars 2018 sur les labels TF1 Musique et Play Two.
29	chambre 12	2015-03-02	https://media.cultura.com/media/catalog/product/cache/1/image/1000x1000/9df78eab33525d08d6e5fb8d27136e95/c/h/chambre-12-0602547653659_0.jpg?t=1509614098	Chambre 12 est le premier album de la chanteuse, compositrice et interprète Louane, sorti le 2 mars 2015. Il se classe numéro un des ventes d'albums en France la semaine du 8 mars 2015 avec 60 370 exemplaires vendus et est certifié disque d'or dès la première semaine. En mai 2016, l'album s'est vendu à 1 200 000 exemplaires.
4	forever, michael	1975-01-16	https://img.discogs.com/H7zNc_gFNXSyPKrVYrK7P7y4wD8=/fit-in/600x605/filters:strip_icc():format(jpeg):mode_rgb():quality(90)/discogs-images/R-1652336-1243708843.jpeg.jpg	Forever, Michael est le 4e album solo de Michael Jackson, sorti en 1975. C'est son dernier album solo officiel enregistré sous le label Motown.\r\n\r\nL'album s'est écoulé, à ce jour , à près de 5 millions d'exemplaires
13	good girl gone bad	2007-06-04	https://upload.wikimedia.org/wikipedia/commons/thumb/c/cf/Rihanna_-_Good_Girl_Gone_Bad.svg/260px-Rihanna_-_Good_Girl_Gone_Bad.svg.png	Good Girl Gone Bad est le troisième album de la chanteuse de R'n'B Rihanna, sortit aux États-Unis le 31 Mai 2007 et produit par les labels Def Jam Recordings et SRP Records. Pour cet album, Rihanna a collaboré avec de nombreux producteurs de renom : Timbaland, Carl Sturken ou encore Evan Rogers. Inspiré du quatrième album de Brandy Norwood, Afrodisiac sorti trois ans plus tôt. Good Girl Gone Bad est un album pop, dance-pop et R’n’b avec quelques influences des musiques des années 80. Cet album est un véritable tournant dans la carrière de la chanteuse caribéenne qui travaille également son image en assumant un look sexy plus affirmé.
8	idées blanches	2014-10-20	http://e-cdn-images.deezer.com/images/cover/d3f9b67ca63ef3d04c4acd768c5db8b7/500x500.jpg	Idées blanches est le premier album studio de Vianney, sorti le 20 octobre 2014.\r\n\r\n
30	louane	2017-11-10	https://static.fnac-static.com/multimedia/Images/FR/NR/87/03/8b/9110407/1540-1/tsp20171103170807/Louane.jpg	Louane est le deuxième album de la chanteuse, compositrice et interprète Louane sorti le 10 novembre 2017.
11	mon coeur avait raison	2015-08-28	https://t2.genius.com/unsafe/220x220/https%3A%2F%2Fimages.rapgenius.com%2Fb25a09fbd2317322180225840766c7a0.1000x1000x1.png	Mon cœur avait raison est le deuxième album studio du rappeur français Maître Gims, sorti le 28 août 2015 sur les labels Wati B et Jive Epic. L'album s'est vendu à plus de 600 000 exemplaires
3	music and me	1974-09-13	https://img.discogs.com/dM47ud-si7Ua8Jg96Sa8STWyDr4=/fit-in/600x600/filters:strip_icc():format(jpeg):mode_rgb():quality(90)/discogs-images/R-2946668-1308578615.jpeg.jpg	Music and Me est le 3e album en solo de Michael Jackson, sorti en avril 1973 :\r\n\r\nL'album, à ce jour, s'est vendu à 6 500 000 exemplaires.
5	off the wall	1979-08-10	https://upload.wikimedia.org/wikipedia/commons/b/b4/OffTheWall-logo.png	Off the Wall est le cinquième album solo de Michael Jackson, paru le 10 août 1979. Produit par Quincy Jones, c'est le premier album solo de Michael Jackson sur le label Epic Records.\r\n\r\nCet album a été enregistré à Los Angeles, les premières sessions s'étant déroulées au studio 3 Cherokee (qui a fermé ses portes en 2007 après 35 ans d'existence), le lundi 4 décembre 1978, jusqu'au dernier jour de mixage, le dimanche 3 juin 1979, aux studios Westlake au 7265 Santa Monica Boulevard, à West Hollywood. Il a été masterisé par Bernie Grundman le mardi 17 juillet 1979, aux studios A&M recording, toujours à Los Angeles.
27	recovery	2010-06-18	https://upload.wikimedia.org/wikipedia/commons/thumb/e/e2/RecoveryLogo.png/220px-RecoveryLogo.png	Recovery est le septième album studio d'Eminem sorti en France le 18 juin 2010 et le 21 juin 2010 aux États-Unis. Le successeur de Relapse sorti en 2009 est publié par les labels Shady Records, Aftermath Entertainment et Interscope Records. L'album devait initialement s'appeler Relapse 2 mais Eminem a décidé de changer le nom jugeant que la musique qu'il produisait était trop différente de celle de Relapse.
10	subliminal	2013-05-20	http://www.trackmusik.fr/images/albums/Maitre_Gims_Subliminal.jpg	Subliminal est le premier album studio solo du chanteur français Maître Gims, sorti le 20 mai 2013 sur le label Wati B.\r\n\r\n
6	thriller	1982-11-30	https://upload.wikimedia.org/wikipedia/fr/1/18/Thriller_%28album%29_logo.png	Thriller est le sixième album studio de l'artiste américain Michael Jackson. Coproduit par Quincy Jones, il sort le 30 novembre 1982 chez Epic Records, à la suite du succès commercial et critique de l'album Off the Wall (1979). Thriller explore des genres similaires à ceux d'Off the Wall, tels le funk, le post-disco, la musique soul, le soft rock, le R&B et la pop. Les paroles des chansons sont variées mais elles traitent entre autres de thèmes parfois sombres, comme la paranoïa et le surnaturel.
9	vianney	2016-11-25	https://static.fnac-static.com/multimedia/Images/FR/NR/da/62/80/8413914/1540-1/tsp20161017094537/Vianney.jpg	Vianney est le second album du chanteur Vianney. Il est sorti le 25 novembre 2016. Il en est l'auteur-compositeur-interprète, l'arrangeur (en collaboration avec Clément Ducol), le réalisateur (en collaboration avec Clément Ducol), le guitariste et le pianiste (sauf pour Le Galopin). Le premier single de ce second album, Je m'en vais, sort le 17 octobre.
21	4	2011-06-24	https://upload.wikimedia.org/wikipedia/commons/e/ea/4_Beyonc%C3%A9_album.jpg	4 est le quatrième album studio de la chanteuse américaine de R'n'B Beyoncé. L'album est sorti le 24 juin 2011 chez Columbia Records. L'album marque la première sortie de Beyoncé depuis sa séparation professionnelle avec son père et manager, Mathew Knowles.
31	+	2011-09-05	http://image-api.nrj.fr/http/images.music-story.com%2Fimg%2Falbum_E%2Fed-sheeran-1436351647.jpg	+ est le 1er album studio du chanteur britannique Ed Sheeran, sorti en septembre 2011 par le label Asylum Records. Il s'est vendu à 4 millions d'exemplaires dans le monde depuis sa sortie.
23	lemonade	2016-04-23	https://upload.wikimedia.org/wikipedia/commons/thumb/4/45/LEMONADE_-_Beyonc%C3%A9_logo.png/220px-LEMONADE_-_Beyonc%C3%A9_logo.png	Lemonade est le sixième album studio de la chanteuse américaine Beyoncé, sorti en 2016.\r\n\r\nIl est sorti en avant-première le 23 avril 2016 sur Tidal en même temps que la diffusion d'un documentaire de 60 minutes sur HBO, avant de sortir le 25 avril 2016 partout dans le monde en téléchargement.
18	nothing was the same	2013-09-20	http://upload.wikimedia.org/wikipedia/en/b/b9/Nothing_Was_the_Same_cover_2.png	Nothing Was the Same est le troisième album studio du rappeur canadien Drake, sorti le 20 septembre 2013. Il a été vendu jusque-là à 1,4 million d'exemplaires
26	relapse	2009-05-19	https://images-na.ssl-images-amazon.com/images/I/81ZRFbhd6vL._SL1115_.jpg	Relapse est le sixième album studio d'Eminem sorti en France le 18 mai 2009 et le 19 mai 2009 aux États-Unis. Le successeur d' Encore sorti en 2004 est publié par les labels Shady Records, Aftermath Entertainment et Interscope Records. L'album signe le retour d'Eminem sur la scène musicale après quatre ans d'absence due au blocage de l'écrivain et à une addiction aux somnifères faisant suite à la mort de son meilleur ami Proof en 2006.
28	revival	2017-12-05	https://upload.wikimedia.org/wikipedia/en/thumb/8/86/Revival_by_Eminem_cover.jpg/220px-Revival_by_Eminem_cover.jpg	Revival est le neuvième album studio du rappeur américain Eminem, sorti en 2017, sur les labels Aftermath Entertainment, Shady Records et Interscope Records. Il est enregistré entre 2016 et 2017, dans plusieurs studios. La production est réalisée par Eminem et Dr. Dre. Le premier single de l'album, Walk on Water, est sorti le 10 novembre 2017. L'album est certifié disque d'or le 5 janvier 2018, un mois après sa sortie.
17	take care	2011-11-15	http://www.abcdrduson.com/wp-content/uploads/2014/07/drake-take-care-1024x1024.jpg?x45032	Take Care est le 2e album studio de Drake qui est sorti le 15 novembre 2011. Plusieurs artistes ont participé à la création de cet album avec le chanteur canadien dont Stevie Wonder.
15	talk that talk	2011-11-21	https://upload.wikimedia.org/wikipedia/commons/1/19/Talk_that_talk.png	Talk That Talk est le sixième album studio de l'artiste barbadienne Rihanna, sorti le 21 novembre 2011, sur le label Def Jam. Le premier single issu de l'album, We Found Love en featuring avec Calvin Harris, a été premièrement dévoilé sur la radio Capital FM le 22 septembre 2011 et, est sorti sur l'iTunes américain le même jour. Il se classe premier au Royaume-Uni avec 163 000 exemplaires vendus. Il s'est vendu a 6 millions d'exemplaires depuis sa sortie
25	the eminem show	2002-05-21	https://images-na.ssl-images-amazon.com/images/I/51vuJyVtq6L.jpg	The Eminem Show est le quatrième album studio du rappeur Eminem, sorti le 21 mai 2002 sur les labels Aftermath Entertainment et Interscope, et le premier sur son propre label Shady Records. Eminem produit la majorité des titres. L'album connaît un succès critique et public similaire au précédent puisqu'il atteindra les 30 millions d'unités vendues dans le monde. Il sera certifié 10 fois disque de platine après avoir franchi la barre des 10 millions d'exemplaires vendus aux États-Unis et sera aussi certifié disque de diamant aux États-Unis. Il a été aussi l'album le plus vendu de l'année 2002 dans le monde ainsi qu'aux États-Unis.
24	the slim shady lp	1999-02-23	https://images-na.ssl-images-amazon.com/images/I/815UbQWSslL._SX355_.jpg	The Slim Shady LP est le second album studio du rappeur américain Eminem sorti le 23 février 1999. Cet album est distribué par Web Entertainment et par le label du producteur Dr. Dre, Aftermath Entertainment. Enregistré à Ferndale dans le Michigan à la suite du recrutement d'Eminem par Dr. Dre, il est produit par celui-ci, les frères Jess et Mark Bass et par Eminem lui-même. L'album a pour thème principal l'alter ego du rappeur qu'il a créé dans The Slim Shady EP, Slim Shady. Les paroles des chansons sont considérées comme très violentes, obscènes et diffamatoires.
19	views	2016-04-29	https://i.ytimg.com/vi/_fJ-s71q2cI/maxresdefault.jpg	Views est le quatrième album studio du rappeur canadien Drake, sorti en 2016 sur les labels OVO Sound et Young Money.\r\n\r\n
2	got to be there	1972-01-24	https://img.discogs.com/5t6DJn2XxIGdjANL2MdsEKKCxpA=/fit-in/443x443/filters:strip_icc():format(jpeg):mode_rgb():quality(90)/discogs-images/R-1515378-1245342298.jpeg.jpg	Got to Be There est le premier album solo de Michael Jackson, paru en 1972, sous le label Motown. Surfant sur la vague du succès des Jackson 5, l'album produisit 4 singles à succès : Got to be There tout d'abord, qui sortit en 1971, précédant ainsi la sortie du disque de plusieurs mois ; Rockin' Robin, la reprise d'une chanson de Bobby Day ; I Wanna be Where You are ; et Ain't no Sunshine, qui fut commercialisé dans des pays où la version de Bill Withers n'était pas sortie, comme le Royaume-Uni par exemple. L'album se vendit à près de 900 000 exemplaires aux États-Unis et à 3,2 millions d'exemplaires dans le monde. Avec cet album, Michael Jackson fut le premier artiste chez Motown à avoir enregistré un album solo sans quitter son groupe d'origine, The Jackson 5.
20	i am... sasha fierce	2008-11-14	https://upload.wikimedia.org/wikipedia/commons/thumb/8/8f/Iam_-sashafierce_logo.jpg/220px-Iam_-sashafierce_logo.jpg	I Am… Sasha Fierce est le troisième album studio de l'artiste américaine de R'n'B Beyoncé Knowles. Sorti le 18 novembre 2008, chez Columbia Records, il est considéré comme un double album. Le premier disque I Am… comporte des ballades R'n'B et des chansons pop à tempo lent ou moyen, tandis que le second disque Sasha Fierce, intitulé d'après l'alter ego de Beyoncé, contient plus de chansons dansantes à tempo élevé qui se croisent avec de l'europop et de l'electropop.
33	÷	2017-03-03	https://is5-ssl.mzstatic.com/image/thumb/Music122/v4/9a/35/95/9a3595c7-c675-fd74-352f-44e3638ac123/190295851286.jpg/268x0w.jpg	÷ (« divide ») est le troisième album studio du chanteur Ed Sheeran. Il est sorti le 3 mars 2017, par Asylum Records.\r\n\r\nLes premiers singles de l'album se nomment Castle on the Hill et Shape of You.
16	anti	2016-01-29	https://upload.wikimedia.org/wikipedia/commons/thumb/e/e1/Anti_Rihanna._logo.svg/220px-Anti_Rihanna._logo.svg.png	Anti est le huitième album studio de la chanteuse barbadienne Rihanna, sorti en 2016.\r\n\r\nL'album est sorti en avant-première le 28 janvier 2016 sur Tidal avant de sortir mondialement le 29 janvier 2016.
7	 bad	1987-08-31	https://upload.wikimedia.org/wikipedia/commons/thumb/f/f6/BadlogoMJ.png/1024px-BadlogoMJ.png	Bad est le septième album solo de Michael Jackson et son 3e album solo chez Epic/CBS (Devenue Sony Music) et le 3e et dernier album co-produit par Quincy Jones. C'est l'un des albums les plus vendus de l'histoire et celui qui contient le plus de morceaux classés no 1 dans les palmarès.\r\n\r\nCe disque fut probablement le plus attendu des années 80, car il devait succéder à l'album le plus vendu des tous les temps, son prédécesseur "Thriller". Selon un sondage MTV/VH1 réalisé en 2009, l'album "Bad" a été classé en 43ème position parmi les meilleurs albums de tous les temps.\r\n\r\nBad est également le titre de la première chanson du disque, dont le clip a été réalisé par le réalisateur Martin Scorsese.
1	ben	1972-08-04	https://img.discogs.com/iVFp7Rx7GauNj0VXAxpP9P56g8Y=/fit-in/600x601/filters:strip_icc():format(jpeg):mode_rgb():quality(90)/discogs-images/R-882305-1519941473-1733.jpeg.jpg	Ben est le nom du deuxième album du chanteur Michael Jackson, sorti en 1972 sous le label Motown. "Ben", le premier et seul single issu de cet opus, deviendra le premier n°1 de Michael Jackson, alors âgé de 14 ans.\r\nLa chanson-titre est issue de Ben (1972), un film d'horreur de Phil Karlson mettant en scène des rats tueurs.
22	beyoncé	2013-12-13	https://upload.wikimedia.org/wikipedia/commons/thumb/2/21/Beyonc%C3%A9_-_Beyonc%C3%A9.svg/220px-Beyonc%C3%A9_-_Beyonc%C3%A9.svg.png	Beyoncé (stylisé en BEYONCÉ) est le cinquième album studio de la chanteuse et auteure-compositrice américaine Beyoncé Knowles, publié le 13 décembre 2013 par Columbia Records. L'opus est sorti, sans aucune annonce ou promotion faite à l'avance, sur l'iTunes Store surprenant les fans et le public. Décrit comme un « album visuel », Beyoncé est également livré avec un clip pour chaque pistE. Le disque homonyme est le premier album visuel de l'artiste, incluant quatorze nouvelles chansons et dix-sept clips. La sortie surprise de son album a généré 1,2 million de tweets en 12 heures.
14	loud	2010-11-12	https://upload.wikimedia.org/wikipedia/commons/thumb/a/a3/Loud_-_logo.png/220px-Loud_-_logo.png	Loud\r\nDescription de l'image Loud - logo.png.\r\nAlbum de Rihanna\r\nSortie\t12 novembre 2010\r\n(voir l'historique des sorties)\r\nEnregistré\tfévrier à août 2010\r\nDurée\t46:38\r\nGenre\tR&B, dance-pop, pop1\r\nCompositeur\tAlex da Kid, Polow da Don, The Runners, Sandy Vee, Sham, Mel & Mus, Soundz, StarGate, Tricky Stewart\r\nProducteur\tRihanna (exec.), Antonio "L.A." Reid (exec.), Carl Sturken, Evan Rogers (exec.)\r\nLabel\tDef Jam\r\nAlbums de Rihanna\r\n\r\nRated R\r\n(2009)Talk That Talk\r\n(2011)\r\n\r\nSingles\r\n\r\nOnly Girl (In the World)\r\nSortie : 10 septembre 2010\r\nWhat's My Name? (feat. Drake)\r\nSortie : 29 octobre 2010\r\nRaining Men\r\nSortie : 7 décembre 2010\r\nS&M\r\nSortie : 21 janvier 2011\r\nMan Down\r\nSortie : 3 mai 2011\r\nCalifornia King Bed\r\nSortie : 13 mai 2011\r\nCheers (Drink to That)\r\nSortie : 2 août 2011\r\nmodifierConsultez la documentation du modèle\r\n\r\nLoud est le cinquième album studio de la chanteuse barbadienne Rihanna, sorti le 12 novembre 2010 par Def Jam Recordings. Les sessions d'enregistrement et de production de l'album ont eu lieu au cours de février à août 2010, partiellement au cours de la tournée de Rihanna, Last Girl on Earth Tour. Rihanna a travaillé avec plusieurs producteurs de disques, tel que StarGate, The Runners, Polow da Don, Tricky Stewart, et Alex da Kid, entre autres. Loud intègre fortement de la musique de genre dance-pop et pop. Loud marque aussi le premier retour de Rihanna à une influence de son dancehall apparent sur son album de 2006 A Girl Like Me.
32	x	2014-06-20	https://static.fnac-static.com/multimedia/Images/FR/NR/a3/fc/59/5897379/1540-1/tsp20140416100842/X-Edition-Deluxe.jpg	x (« multiply ») est le deuxième album du chanteur Ed Sheeran, sorti le 20 juin 2014 en Australie et en Nouvelle-Zélande, puis le 23 juin 2014 dans le reste du monde.\r\n\r\nL'album, écoulé à 14 millions de copies dans le monde, a été soutenu par les singles Sing, Don't, Thinking Out Loud, Bloodstream et Photograph.
39	sang pour sang	1999-09-13	https://pmcdn.priceminister.com/photo/Hallyday-Johnny-Sang-Pour-Sang-CD-Album-1052195061_L.jpg	Sang pour sang est le 42e album studio de Johnny Hallyday, il sort le 13 septembre 1999.\r\n\r\nL'album est composé par David Hallyday, également coréalisateur avec Pierre Jaconelli.
\.


--
-- Name: album_idalbum_seq; Type: SEQUENCE SET; Schema: public; Owner: postgres
--

SELECT pg_catalog.setval('album_idalbum_seq', 42, true);


--
-- Data for Name: artiste; Type: TABLE DATA; Schema: public; Owner: postgres
--

COPY artiste (idartiste, nomartiste, prenomartiste, nomscene, datenaissanceartiste, descriptionartiste, urlimageartiste) FROM stdin;
5	djuna	gandhi	maître gims	1986-05-06	Maître Gims, de son vrai nom Gandhi Djuna, est un rappeur, chanteur et compositeur congolais né le 6 mai 1986 à Kinshasa.\r\n\r\nIl est issu d'une famille de musiciens, son père était un chanteur du groupe Viva La Musica de Papa Wemba et il a des frères rappeurs. Membre du groupe Sexion d'Assaut, il sort son premier album solo Subliminal en 2013. L'album connaît un succès commercial avec plus de 800 000 exemplaires vendus. En 2017, Maître Gims a vendu plus de 5 millions d'albums depuis le début de sa carrière.	https://upload.wikimedia.org/wikipedia/commons/4/4e/Ma%C3%AEtre_Gims_Cannes_2016_2.jpg
4	graham	aubrey drake	drake	1986-10-24	Drake, de son vrai nom Aubrey Drake Graham, né le 24 octobre 1986, à Toronto , (Canada), est un rappeur, chanteur et acteur canadien. Il est longtemps affilié au label de Lil Wayne Young Money Entertainment, avant d'y signer officiellement en juin 2009. Son premier album studio, Thank Me Later, sort le 14 juin 2010. En novembre 2016, Drake devient le troisième rappeur à atteindre le milliard de vues sur YouTube pour Hotline Bling, précédé par Eminem pour Love The Way You Lie et Wiz Khalifa pour See You Again. Il réussit à atteindre la première place de Billboard hot 100, de Canadian hot 100 et d'Official Charts avec sa chanson One Dance (en collaboration avec Wiz Kid et Kyla). Son album Views atteint également la première place du Billboard 200, de Canadian albums Chart et d'Official Charts. Son album More Life réussit également à atteindre la première place du Billboard 200 et de Canadian Albums Chart.\r\n\r\nDébut décembre 2012, Drake officialise son propre label de musique : October's Very Own et est filialisé par Warner Music Group.	https://www.trunksmagazine.com/wp-content/uploads/2018/02/Drake-Trunks-magazine.jpg
8	marshall	mathers	eminem	1972-10-17	Eminem, souvent stylisé EMINƎM, de son vrai nom Marshall Bruce Mathers III, né le 17 octobre 19721 à Saint Joseph dans l'État du Missouri, est un auteur-compositeur-interprète de rap américain, également producteur et acteur. En plus de sa carrière solo, il est aussi membre du groupe D12 dont il est le cofondateur et compose le duo Bad Meets Evil avec Royce da 5'9".\r\n\r\nEminem est l'un des artistes ayant vendu le plus d'albums dans l'histoire de l'industrie musicale (172 millions d'albums et plus de 157 millions de singles en format digital)2,3 et est le plus gros vendeur de disques à l'international, de la décennie allant de 1999 à 20094. Il compte plus de 600 récompenses5, dont 15 Grammy Awards et un Oscar. Il est cité dans de nombreuses listes énumérant les meilleurs artistes de tous les temps, le magazine Rolling Stone l'ayant même déclaré « Roi du hip-hop »	https://www.biography.com/.image/t_share/MTQ3NjM5MTEzMTc5MjEwODI2/eminem_photo_by_dave_j_hogan_getty_images_entertainment_getty_187596325.jpg
7	jackson	michael joseph	michael jackson	1958-08-29	Michael Jackson, né le 29 août 1958 à Gary (Indiana) et mort le 25 juin 2009 (à 50 ans) à Los Angeles (Californie), est un chanteur, auteur-compositeur-interprète, danseur-chorégraphe et acteur américain. Le Livre Guinness des records le désigne comme étant l’artiste de variétés le plus couronné de succès de tous les temps. Pour le Rock and Roll Hall of Fame, il est l'artiste le plus populaire de toute l'histoire de l'industrie du spectacle.	https://www.thefamouspeople.com/profiles/images/michael-jackson-3.jpg
2	peichert	anne	louane 	1996-11-26	Anne Peichert, dite Louane ou Louane Emera, est une chanteuse, musicienne et actrice française, née le 26 novembre 1996 à Hénin-Beaumont.\r\n\r\nElle se fait remarquer en 2013 dans le télé-crochet The Voice, la plus belle voix, puis elle obtient une plus grande notoriété en 2014 grâce à son premier rôle dans le film La Famille Bélier, qui lui vaut notamment le César du meilleur espoir féminin en 2015.\r\n\r\nSon premier album, Chambre 12, sorti en 2015, est l'album le plus vendu de l'année en France et il obtient la Victoire de l'album révélation de l'année en 2016. En mai 2016, l'album s'était vendu à environ 1,2 million d'exemplaires. Son deuxième album, Louane, sort en 2017.	http://resize1-parismatch.ladmedia.fr/img/var/news/storage/images/paris-match/people-a-z/louane-emera/13130727-3-fre-FR/Louane-Emera.jpg
3	fenty	robyn rihanna	rihanna	1988-02-20	Robyn Rihanna Fenty, née le 20 février 1988 à Saint Michael, est une chanteuse, parolière, actrice, designer et mannequin barbadienne.\r\nThe Recording Industry Association of America (RIAA) a annoncé que Rihanna était l'artiste qui rassemblait le plus de certifications or et platine pour ses singles. En plus de ce record, la chanteuse devient aussi la première artiste au monde à franchir le cap de 100 millions de ventes numériques aux États-Unis. Depuis le début de sa carrière en 2005, Rihanna est devenue officiellement l'artiste solo ayant vendus le plus de disques au monde, avec des ventes mondiales, certifiées à 213,2 millions de singles et d'albums; elle dépasse ainsi la légende du Rock and roll Elvis Presley.	https://www.themartinicanwayoflife.com/wp-content/uploads/2016/04/o-RIHANNA-900.jpg
9	knowles	beyoncé giselle	beyoncé	1981-09-04	Beyoncé Giselle Knowles, née le 4 septembre 1981 à Houston au Texas, est une auteur-compositrice-interprète et actrice américaine. En janvier 2017, elle dénombre plus de 185,5 millions de disques vendus dans le monde,2 auxquels peuvent s'ajouter les 65,5 millions de disques vendus avec le groupe Destiny's Child dont elle a été la meneuse. Celui-ci est d'ailleurs le troisième groupe féminin ayant vendu le plus d'albums derrière les Spice Girls et TLC. Beyoncé se classe ainsi parmi les artistes ayant vendu le plus de disques lors des années 20003.	https://image.afcdn.com/story/20171018/beyonce-1129238_w767h767c1cx290cy216.jpg
6	sheeran	edward christopher	ed sheeran	1991-02-17	Edward Christopher Sheeran, dit Ed Sheeran, né le 17 février 1991 à Halifax (Yorkshire de l'Ouest), est un auteur-compositeur-interprète et guitariste britannique. Sa carrière musicale commence en 2011 avec la maison de disques Atlantic Records, qui signe son premier album, +, écoulé à 4 millions de copies. Suivent les albums x (2014) et ÷ (2017), qui rencontrent également un grand succès international.\r\n\r\nIl écrit par ailleurs des chansons pour plusieurs autres artistes, tels que Justin Bieber, Taylor Swift, Robbie Williams, James Blunt ou encore les One Direction.	https://upload.wikimedia.org/wikipedia/commons/5/55/Ed_Sheeran_2013.jpg
1	bureau	vianney	vianney	1991-02-13	Vianney Bureau dit Vianney, né à Pau le 13 février 1991, est un auteur-compositeur-interprète français. À 24 ans il remporte le trophée d'artiste interprète de l'année aux Victoires de la musique 2016 un an après avoir été nommé dans les Révélations des Victoires de la Musique 2015. Son premier album Idées blanches est certifié disque de platine. Son deuxième album Vianney est sorti le 25 novembre 2016 et est certifié disque de diamant. Il en est l'auteur et compositeur, le réalisateur et l'arrangeur.	https://upload.wikimedia.org/wikipedia/commons/thumb/0/07/Vianney_chanteur_2015.jpg/800px-Vianney_chanteur_2015.jpg
32	smet	jean-philippe	johnny hallyday	1943-06-15	\r\nJohnny Hallyday, de son vrai nom Jean-Philippe Smet, né le 15 juin 1943 à Paris et mort le 5 décembre 2017 à Marnes-la-Coquette, \r\nest un chanteur, compositeur et acteur français. Durant ses 57 ans de carrière, il est l'un des plus célèbres chanteurs \r\nfrancophones et l'une des personnalités les plus présentes dans le paysage médiatique français.	http://www.morbleu.com/wp-content/uploads/2009/12/johnny-halliday.jpg
34	moine	claude	eddy mitchell	1942-07-03	Claude Moine, dit Eddy Mitchell, est un chanteur, parolier et acteur français, né le 3 juillet 1942 à Paris.\r\n\r\nChanteur du premier groupe de rock français, Les Chaussettes noires, il connaît le succès dès 1961. En 1962, il commence une carrière solo, durant laquelle il alterne rock'n'roll, ballades, country, en s'orientant vers la fin des années 1970 vers un style plus crooner, sans toutefois tourner le dos à la musique rock et country qu'il affectionne.\r\n\r\nLe 5 septembre 2011, il donne sur la scène de l'Olympia la dernière représentation de sa tournée, annoncée comme sa dernière Ma dernière séance, clin d’œil à l'un de ses succès mais aussi à l'émission télévisée qu'il a présenté pendant dix-sept ans. Cinq ans et deux nouveaux albums plus tard, il remonte sur scène pour une série de concerts au Palais des sports de Paris.	https://upload.wikimedia.org/wikipedia/commons/0/0c/Eddy_Mitchell_avp_2014_2.jpg
37	white	megan	meg white	1974-12-10	Megan Martha « Meg » White (née le 10 décembre 1974) est connu pour avoir été la batteuse du groupe The White Stripes, dans lequel elle accompagnait Jack White. Ils ont été mariés en 1996 et ont divorcé en 2000.	https://upload.wikimedia.org/wikipedia/commons/c/cc/Meg_White_1.jpg
36	gillis	john	jack white	1975-07-09	Jack White, né John Anthony Gillis le 9 juillet 1975 à Détroit aux États-Unis, est un musicien, producteur et acteur américain, principalement connu comme guitariste et chanteur. Il est également pianiste et batteur. Il fait partie des pionniers de la renaissance du garage rock (garage rock revival) avec le duo The White Stripes. Jack est le cadet d'une fratrie de sept frères et de trois sœurs. Désirant au départ devenir prêtre, le fait de ne pas allier sa passion, la musique, et son travail le décida finalement à délaisser le sacerdoce pour se consacrer à la musique.	https://upload.wikimedia.org/wikipedia/commons/thumb/1/11/Jack_White_Ottawa.jpg/800px-Jack_White_Ottawa.jpg
38	dan	aykroyd	dan aykroyd	1952-07-01	Daniel Edward Aykroyd, dit Dan Aykroyd est un acteur, producteur et scénariste canadien, né le 1er juillet 1952 à Ottawa (Ontario).	https://upload.wikimedia.org/wikipedia/commons/thumb/f/f8/Dan_Aykroyd_cropped.jpg/220px-Dan_Aykroyd_cropped.jpg
39	john	belushi	john belushi	1949-01-24	John Adam Belushi est un acteur américain d'origine albanaise né le 24 janvier 1949 à Chicago (Illinois) et mort le 5 mars 1982 à Hollywood (Californie), au Château Marmont. Il est principalement connu pour son interprétation de Jake Blues dans Les Blues Brothers et, plus modérément, pour sa prestation comique dans 1941. Il est le frère de l'acteur James Belushi.	https://upload.wikimedia.org/wikipedia/commons/9/90/John_Belushi_HS_Yearbook.jpeg
35	jacques	dutronc	jacques dutronc	1943-04-28	acques Dutronc, né le 28 avril 1943 à Paris, est un chanteur, compositeur et acteur français.\r\n\r\nComme chanteur, avec le parolier Jacques Lanzmann, il a interprété les tubes Et moi, et moi, et moi, Les Cactus, J'aime les filles et Il est cinq heures, Paris s'éveille.\r\n\r\nEn 1973, Jacques Dutronc entame une carrière d'acteur au cinéma, avec Antoine et Sébastien de Jean-Marie Périer. Il tourne par la suite pour Claude Lelouch, Andrzej Żuławski, Jean-Luc Godard, Jean-Pierre Mocky, Claude Chabrol, etc.\r\n\r\nEn 1992, il obtient le César du meilleur acteur pour Van Gogh de Maurice Pialat. Un César d'honneur lui est remis en 2005 pour l'ensemble de cette carrière.\r\n\r\nEn 2014 et 2017, il forme avec Eddy Mitchell et Johnny Hallyday le trio Les Vieilles Canailles.	https://upload.wikimedia.org/wikipedia/commons/3/3c/Dutronc1.jpg
\.


--
-- Name: artiste_idartiste_seq; Type: SEQUENCE SET; Schema: public; Owner: postgres
--

SELECT pg_catalog.setval('artiste_idartiste_seq', 39, true);


--
-- Data for Name: musique; Type: TABLE DATA; Schema: public; Owner: postgres
--

COPY musique (idmusique, titremusique, dureemusique, datemusique, descriptionmusique) FROM stdin;
33	kiss me 	278	2011-01-01	Compositeur Ed Sheeran
61	james joint	72	2016-01-29	Auteurs\r\n\tRobert Shea Taylor, Fenty, James Fauntleroy
31	leg house	184	2011-01-01	Compositeur Ed Sheeran
42	love on top	267	2011-06-24	Auteurs\r\n\tKnowles, Nash, S. Taylor
21	nancy myself	174	2017-01-01	Compositeur Ed Sheeran
14	new man	188	2017-01-01	Compositeur Ed Sheeran
39	party 	245	2011-06-24	Auteurs\r\n\tKanye West, Bhasker, Knowles, Dexter Mills, Douglas Davis, Ricky Walters
62	kiss it better	253	2016-01-29	Auteurs\r\n\tNatalia Keery-Fisher, Fenty, Kenan Williams, John Glass, Jeff Bhasker
3	people make the world go 'round	196	1972-08-04	
63	work	219	2016-01-29	Auteurs\r\n\tMatthew Samuels, Rich Stephenson, Aubrey Graham, Rupert Thomas, Fenty, Jahron Braithwaite, Monte Moir, Allen Ritter
11	perfect	333	2017-01-01	Compositeur Ed Sheeran
64	desperado	186	2016-09-29	Auteurs\r\n\tFenty, Mick Schultz, Fauntleroy, Krystin "Rook Monroe", Watkins, D. Rachel
35	1+1	273	2011-06-24	Auteurs\r\nTerius Nash, Christopher Stewart, Beyoncé, Knowles
19	barcelona	190	2017-01-01	Compositeur Ed Sheeran
1	ben	166	1972-08-04	
38	best thing i never had	253	2011-06-24	Auteurs\r\n\tKenny Edmonds, Antonio Dixon, Knowles, Patrick Smith, S. Taylor, Larry Griffin, Jr., Caleb McCampbell
40	rather die young	222	2011-06-24	Auteurs\r\nBhasker, Luke Steele, Knowles
20	bibia be ye ye	182	2017-01-01	Compositeur Ed Sheeran
7	castle on the hill	291	2017-01-06	Compositeur Ed Sheeran
43	countdown	213	2011-06-24	Auteurs\r\nNash, S. Taylor, Knowles, Dean, Cainon Lamb, Julie Frost, Michael Bivins, Nathan Morris, Wanya Morris
8	dive	267	2017-03-03	Compositeur Ed Sheeran
24	drunk	199	2011-01-01	Compositeur Ed Sheeran\r\n
44	end of time	223	2011-06-24	Auteurs\r\n\tKnowles, Nash, S. Taylor, David Taylor
6	eraser	227	2017-03-03	Compositeur Ed Sheeran
65	woo	235	2016-01-29	Auteurs\r\n\tTerius Nash, Fenty, Jean Baptist, Jacques Webster, Abel Tesfaye, Rachel, Chauncey Hollis
12	galway girl	199	2017-01-01	Compositeur Ed Sheeran
34	give me love	526	2011-01-01	Compositeur Ed Sheeran
26	grade 8	181	2011-01-01	Compositeur Ed Sheeran
2	greatest show on earth	169	1972-08-04	
15	hearts dont' break around here	247	2017-01-01	Compositeur Ed Sheeran
17	how would you feel (paean)	280	2017-01-01	Compositeur Ed Sheeran
36	i care	239	2011-06-24	Auteurs\r\nJeff Bhasker, Chad Hugo, Knowles
37	i miss you	179	2011-06-24	Auteurs \r\nFrank Ocean, Shea Taylor, Knowles
45	i was here	239	2011-06-24	Auteurs\r\nDiane Warren
46	run the world	236	2011-06-24	Auteurs\r\nNash, Knowles, Wesley Pentz, D. Taylor, Adidja Palmer, Afrojack
22	save myself	234	2017-01-01	Compositeur Ed Sheeran
10	shape of you	263	2017-01-06	Compositeur Ed Sheeran
28	small bump	259	2011-01-01	Compositeur Ed Sheeran
41	start over	199	2011-06-24	Auteurs\r\nTaylor, Knowles, Ester Dean
18	supermarket flowers	214	2017-01-01	Compositeur Ed Sheeran
23	the a team	261	2011-01-01	Compositeur Ed Sheeran
30	the city	235	2011-01-01	Compositeur Ed Sheeran
29	this	196	2011-01-01	Compositeur Ed Sheeran
25	u.n.i	229	2011-01-01	Compositeur Ed Sheeran
27	wake me up	229	2011-01-01	Compositeur Ed Sheeran
16	what do i know	244	2017-01-01	Compositeur Ed Sheeran
66	needed me	191	2016-01-29	Auteurs\r\n\tDijon McFarlane, Lewis Hughes, Te Warbrick, Adam Feeney, Nick Audino, Rachel, Brittany Hazard, Charles Hinshaw, Khaled Rohaim, Fenty
32	you need me, i don't need you	220	2011-01-01	Compositeur Ed Sheeran
67	yeah, i said it	133	2016-01-29	Auteurs \r\n\tJean-Paul Bourelly, Chris Godbey, Fenty, Badriia "Bibi" Bourelly, Evon Barnes, Daniel Jones, Tim Mosley
68	same oi' mistakes	397	2016-01-29	Auteurs\r\nKevin Parker
48	bad	257	1987-01-01	
49	the way you make me feel	298	1987-01-01	
50	speed demon	254	1987-01-01	
51	liberian girl	233	1987-01-01	
52	just good friends	247	1987-01-01	
53	another part of me	235	1987-01-01	
54	man in the mirror	319	1987-01-01	
55	i just can't stop loving you	263	1987-01-01	
56	dirty diana	292	1987-01-01	
57	smooth criminal	258	1987-01-01	
58	leave me alone	280	1987-01-01	
59	vivre pour le meilleur	272	1999-01-01	Vivre pour le meilleur est une chanson de Johnny Hallyday, parue en 1999 initialement en single et ensuite sur l'album Sang pour sang.
69	nerver ending	202	2016-01-29	Auteurs\r\n\tFenty, Williams, Chad Sabo
70	love on the brain	224	2016-01-29	Auteurs\r\n\tFenty, Williams, Joseph Angel, Fred Ball
71	higher	120	2016-01-29	Auteurs\r\n\tFenty, Williams, Ernest Dion Wilson, Fauntleroy, B. Bourelly
72	close to you	223	2016-01-29	Auteurs\r\n\tBrian Kennedy Seals, Fenty, Williams, Fauntleroy
60	considération	161	2016-01-29	Auteur\r\n\tSolana Rowe, Robyn Fenty, Tyran Donaldson
73	sans le dire	226	2016-11-25	Auteur Vianney
74	je m'en vais	199	2016-11-25	Auteur Vianney
75	dumbo	212	2016-11-25	Auteur Vianney
76	tombe la neige	176	2016-11-29	Auteur Vianney
77	moi aimer toi	198	2016-11-29	Auteur Vianney
78	le fils à papa	419	2016-11-25	Auteur Vianney
79	j'men fous 	261	2016-11-25	Auteur Vianney
80	oublie-moi	294	2016-11-25	Auteur Vianney
81	quand je serais père	227	2016-11-25	Auteur Vianney
82	l'homme et l'âme 	305	2016-11-25	Auteur Vianney
83	le galopin	218	2016-11-25	Auteur Vianney
84	intro	70	2018-03-23	Compositeurs Maître Gims\r\nRenaud Rebillaud
87	caméléon	239	2018-03-23	Auteurs\t\r\nMaître Gims - Vitaa - H Magnum
85	tant pis	229	2018-03-23	Compositeurs Maître Gims\r\nRenaud Rebillaud\r\nAuteurs\r\nMaître Gims - H Magnum
88	\tfuegolando	181	2018-03-23	Auteurs\r\nMaître Gims
89	la même (feat. vianney)	200	2018-03-23	Auteurs\r\nMaître Gims - Vianney
13	happier	201	2017-01-01	Compositeur Ed Sheeran
90	loup garou (feat. sofiane)	238	2018-03-23	Auteurs\r\nMaître Gims - Sofiane\t
91	\tentre nous c'est mort	218	2018-03-23	Auteur\r\nMaître Gims
92	laissez-moi tranquille	208	2018-03-23	Auteurs\r\nMaître Gims - H Magnum\t
93	mi gna (feat. super sako & hayko)	215	2018-03-23	Auteurs\r\nMaître Gims – Sarkis Balasanyan – Artak Aramyan And Araik Mouradian
94	tu reviendras	209	2018-03-23	Auteurs\r\n\tMaître Gims - H Magnum
95	nos valeurs	236	2018-03-23	Auteurs\r\nMaître Gims - Dany Synthé
96	tu ne le vois pas (feat. dadju)	262	2018-03-23	Auteurs\r\nMaître Gims - Dadju
97	merci maman	175	2018-03-23	Auteurs\r\nMaître Gims
98	t'es partie	237	2018-03-23	Auteurs\r\nMaître Gims - H Magnum
99	\ttu m'as dit (feat. bedjik)	215	2018-03-23	Auteurs\r\nMaître Gims - Bedjik - H Magnum
100	oulala	181	2018-03-23	Auteurs\r\nMaître Gims - H Magnum
101	bonita\t	214	2018-03-23	Auteurs\r\nMaître Gims - H Magnum
102	le pire	228	2018-03-23	Auteurs\r\nMaître Gims - H Magnum
103	où aller	236	2018-03-23	Auteurs\r\nMaître Gims - H Magnum
104	tu m'a mis dans la merde	232	2018-03-23	Auteurs\r\nMaître Gims - H Magnum
105	anakin	205	2018-03-23	Auteurs\r\nMaître Gims
106	malheur, maheur	202	2018-03-23	Auteurs\r\nMaître Gims
107	mon cœur meurtri\t	194	2018-03-23	Auteurs\r\n\tMaître Gims - H Magnum
108	gunshot	183	2018-03-23	Auteurs\r\nMaître Gims
109	la nuit c'est fait pour dormir	264	2018-03-23	Auteurs\r\nMaître Gims - Orelsan - H Magnum
110	tu me l'avais promis	270	2018-03-23	Auteurs\r\nMaître Gims - H Magnum
111	corazon (version seul)	226	2018-03-23	Auteurs\r\nMaître Gims - H Magnum
112	ana fi dar\t	201	2018-03-23	Auteurs\r\nMaître Gims - Adja Dante
113	\tskyfall	215	2018-03-23	Auteurs\r\n\tMaître Gims - H Magnum
114	60%	229	2018-03-23	Auteurs\r\nMaître Gims
115	je n'ai rien promis	237	2017-03-23	Auteurs\r\nMaître Gims
116	corazon (feat. lil wayne)	226	2018-03-23	Auteurs\r\nMaître Gims - Lil Wayne - H Magnum
117	\tappelez la police (feat. mhd)	197	2018-03-23	Auteurs\r\nMaître Gims - MHD
118	caméléon (feat. quincy)	206	2018-03-23	Auteurs\r\nMaître Gims - Quincy - Vitaa - H Magnum
119	\tps	251	2018-03-23	Auteurs\r\nMaître Gims - H Magnum
120	chien de la casse	164	2018-03-23	Auteurs\t\r\nMaître Gims
121	je t'en veux	191	2018-03-23	Auteurs\t\r\nMaître Gims - H Magnum
122	\teverytime	195	2018-03-23	Auteurs\r\nMaître Gims
123	la vérité	192	2018-03-23	Auteurs\r\nMaître Gims - H Magnum
124	\tles roses ont des épines	221	2018-03-23	Auteurs\r\nMaître Gims
86	laissez-moi tranquille à supprimer	208	2018-03-23	\tAuteurs \r\nMaître Gims -Vitaa - H Magnum
125	jour 1	217	2015-03-02	Auteurs\r\nPatxi Garat
126	avenir	185	2015-11-06	Auteurs\r\n\tLouane Emera, Quentin Capron
127	maman	162	2015-03-02	Auteurs\r\n\tYohann Malory, Tristan Salvati\t
128	jeune	215	2015-03-02	Auteurs\r\n\tDan Black, Patxi Garat
129	tourne	223	2015-03-02	Auteurs\r\nPatxi Garat
130	chambre 12	244	2015-03-02	Auteurs\r\nYohann Malory, Tristan Salvati
132	\talien	220	2015-03-02	Auteurs\t\r\nDavid Gategno, Amaury Salmon
133	\tnous	229	2015-03-02	Auteurs\r\n\tDan Black, Joe Hirst, Daniel Baker, 
134	\tdu courage	189	2015-03-02	Auteurs\r\nPatxi Garat
135	la fuite	190	2015-03-02	Auteurs\r\nPatxi Garat
136	\tje vole	216	2015-03-02	\tPierre Billon, Michel Sardou, Marie Jeanne Serero, Philip J Glenister, Victoria Bedos, Éric Lartigau\tDan Black
137	la mère à titi	253	2015-03-02	Auteurs\r\n\tRenaud Séchan, Franck Langolff
138	\tavenir	196	2015-03-03	Auteurs\r\n
139	\tjeune 	184	2015-03-02	Auteurs
140	chambre 12 (radio edit)	199	2015-03-02	Auteurs
141	tourne (radio edit)	216	2015-03-02	Auteurs
142	\tmaman (radio edit)	172	2015-03-02	Auteurs
131	tranquille	231	2015-03-02	Auteurs\r\nAntoine Chance, Fred Perrot
143	noir c'est noir	183	1966-09-20	Noir c'est noir est une chanson de Johnny Hallyday. Adaptation française par Georges Aber du titre Black Is Black du groupe espagnol Los Bravos, elle sort en 1966. Noir c'est noir s'inscrit parmi les grands succès de son interprète.
144	et moi, et moi, et moi	175	1966-06-10	La chanson titre est une satire du mode de vie petit-bourgeois.
145	pas de boogie woogie	189	1976-03-03	Pas de boogie woogie est une chanson écrite et interprétée par Eddy Mitchell. Adaptation française du titre Don't Boogie Woogie (When You Say Your Prayers Tonight) de Layng Martine Jr, elle sort en 45 tours en 1976.\r\n\r\nPas de boogie woogie s'inscrit parmi les grands succès de l'artiste, qui l'interprète régulièrement dans ses récitals.
146	seven nation army	232	2003-03-07	Seven Nation Army est une chanson du groupe de rock américain The White Stripes sortie en 2003 sous le label XL Recordings. Extrait de leur 4e album studio Elephant, la chanson a été écrite et produite par le musicien américain Jack White. La chanson et plus particulièrement son riff de guitare sont devenus célèbres. La mélodie est en effet fréquemment chantée par les supporters à l'occasion d'évènements sportifs.
147	green onions	172	1962-08-12	Green Onions est une composition de musique instrumentale du groupe de soul américain Booker T. and the M.G.'s sorti en single en 1962.\r\n\r\nGreen Onions sort tout d'abord en 45 tours en mai 1962 sur le label Volt, filiale de Stax, avant d'être réédité sur le label Stax lui-même en août 1962. Il est ensuite inclus dans l'album homonyme qui paraît en octobre 1962. C'est un grand succès aux États-Unis où il atteint la 3e place dans le Billboard Hot 100 et la 1re du classement Hot R&B Sides (l'actuel Hot R&B/Hip-Hop Songs) et obtient une certification disque d'or. Il devient le morceau emblématique du groupe et l'un des plus connus du label Stax.
\.


--
-- Data for Name: assembler_album; Type: TABLE DATA; Schema: public; Owner: postgres
--

COPY assembler_album (idalbumaa, idmusiqueaa, numeropiste) FROM stdin;
1	1	1
1	2	2
1	3	3
33	6	1
33	7	2
33	10	4
33	8	3
33	11	5
33	12	6
33	14	7
33	13	8
33	15	9
33	16	10
33	17	11
33	18	12
33	19	13
33	20	14
33	22	16
33	21	15
31	23	1
31	24	2
31	25	3
31	26	4
31	27	5
31	28	6
31	29	7
31	30	8
31	31	9
31	32	10
31	33	11
31	34	12
21	35	1
21	36	2
21	37	3
21	38	4
21	40	6
21	41	7
21	42	8
21	43	9
21	44	10
21	45	11
21	46	12
21	39	5
7	48	1
7	49	2
7	50	3
7	51	4
7	52	5
7	53	6
7	54	7
7	55	8
7	56	9
7	57	10
7	58	11
39	59	1
16	60	1
16	61	2
16	62	3
16	63	4
16	64	5
16	65	6
16	66	7
16	67	8
16	68	9
16	69	10
16	70	11
16	71	12
16	72	13
9	73	1
9	75	3
9	76	4
9	77	5
9	78	6
9	74	2
9	79	7
9	80	8
9	81	9
9	82	10
9	83	11
12	84	1
12	85	2
12	87	3
12	88	4
12	89	5
12	90	6
12	91	7
12	92	8
12	93	9
12	94	10
12	95	11
12	96	12
12	97	13
12	98	14
12	99	15
12	100	16
12	101	17
12	102	18
12	103	19
12	104	20
12	105	21
12	106	22
12	109	25
12	110	26
12	111	27
12	112	28
12	113	29
12	114	30
12	115	31
12	116	32
12	117	33
12	118	34
12	119	35
12	120	36
12	121	37
12	122	38
12	123	39
12	124	40
12	107	23
12	108	24
29	125	1
29	126	2
29	127	3
29	139	4
29	141	5
29	130	6
29	131	7
29	132	8
29	134	10
29	135	11
29	136	12
29	137	13
29	138	14
29	128	15
29	140	16
29	129	17
29	142	18
29	133	9
\.


--
-- Data for Name: composer_album; Type: TABLE DATA; Schema: public; Owner: postgres
--

COPY composer_album (idalbumcoal, idartistecoal) FROM stdin;
21	9
31	6
33	6
16	3
7	7
1	7
22	9
12	5
29	2
4	7
13	3
2	7
20	9
8	1
23	9
30	2
14	3
11	5
3	7
18	4
5	7
27	8
26	8
28	8
10	5
17	4
15	3
25	8
24	8
6	7
9	1
19	4
32	6
39	32
\.


--
-- Data for Name: groupe; Type: TABLE DATA; Schema: public; Owner: postgres
--

COPY groupe (idgroupe, nomgroupe, dategroupe, descriptiongroupe, urlimagegroupe) FROM stdin;
2	les vieilles canailles 	2014-11-05	Les Vieilles Canailles est le nom du trio réunissant les chanteurs Jacques Dutronc, Eddy Mitchell et Johnny Hallyday.\r\n\r\nLes Vieilles Canailles se produisent une première fois sur la scène de Bercy, où ils donnent six représentations, du 5 au 10 novembre 2014.\r\n\r\nEn juin et juillet 2017, le trio se reforme le temps d'une tournée en France, Belgique et Suisse.	http://cdn.programme-television.org/var/premiere/storage/images/tele-7-jours/news-tv/tf1-diffusera-en-direct-le-concert-des-veilles-canailles-le-4491671/90274703-1-fre-FR/TF1-diffusera-en-direct-le-concert-des-Veilles-Canailles-le_news_full.jpg
3	the white stripes	1997-06-06	The White Stripes est un groupe de rock américain, originaire de Détroit, dans le Michigan. Il est formé en 1997 et composé de Jack White (John Anthony Gillis) au chant, à la guitare, au piano et à l'écriture et de Meg White (Megan Martha White) à la batterie, au chant et au piano. Le groupe se sépare le 2 février 2011.\r\n\r\nS'affichant comme frère et sœur (mais en réalité ex-époux, mariés en 1996, puis divorcés quatre ans plus tard, en 20003), Jack White et Meg White (batterie et chant), sortent leur premier album The White Stripes en 1999.	http://www.albumrock.net/dyn_img/pochettes_album/1487_150.jpg
4	the blues brothers	1978-04-03	The Blues Brothers est le nom d'un groupe de blues composé des comédiens Dan Aykroyd et John Belushi et de quelques-uns des plus grands musiciens de la musique soul. C'est également le titre d'un film sorti en 1980, racontant l'histoire fictive de ce groupe.	https://sc-events.s3.amazonaws.com/3808632/main_fit_300.jpg
\.


--
-- Data for Name: composer_albumgr; Type: TABLE DATA; Schema: public; Owner: postgres
--

COPY composer_albumgr (idalbumcoar, idgroupecoar) FROM stdin;
\.


--
-- Data for Name: composer_musique; Type: TABLE DATA; Schema: public; Owner: postgres
--

COPY composer_musique (idmusiquecomu, idartistecomu) FROM stdin;
48	7
49	7
50	7
51	7
52	7
53	7
54	7
55	7
56	7
57	7
58	7
59	32
61	3
62	3
63	3
64	3
65	3
66	3
67	3
68	3
69	3
70	3
71	3
72	3
60	3
73	1
74	1
75	1
76	1
77	1
78	1
79	1
80	1
81	1
82	1
83	1
84	5
87	5
85	5
88	5
89	5
90	5
91	5
92	5
93	5
94	5
95	5
96	5
97	5
98	5
99	5
100	5
35	9
19	6
1	7
38	9
101	5
20	6
7	6
43	9
8	6
24	6
44	9
6	6
102	5
12	6
34	6
26	6
2	7
15	6
17	6
36	9
37	9
45	9
33	6
31	6
42	9
21	6
14	6
39	9
103	5
3	7
11	6
40	9
46	9
22	6
10	6
28	6
41	9
18	6
23	6
30	6
29	6
25	6
27	6
16	6
32	6
104	5
105	5
106	5
107	5
108	5
109	5
110	5
111	5
112	5
113	5
114	5
115	5
116	5
117	5
118	5
119	5
120	5
121	5
122	5
123	5
124	5
86	5
13	6
125	2
126	2
127	2
128	2
129	2
130	2
132	2
133	2
134	2
135	2
136	2
137	2
138	2
139	2
140	2
141	2
142	2
131	2
143	32
144	35
145	34
\.


--
-- Data for Name: composer_musiquegr; Type: TABLE DATA; Schema: public; Owner: postgres
--

COPY composer_musiquegr (idmusiquecomr, idgroupecomr) FROM stdin;
143	2
144	2
145	2
146	3
147	4
\.


--
-- Data for Name: constituer; Type: TABLE DATA; Schema: public; Owner: postgres
--

COPY constituer (idgroupeco, idartisteco) FROM stdin;
2	35
2	34
2	32
3	36
3	37
4	38
4	39
\.


--
-- Data for Name: definir; Type: TABLE DATA; Schema: public; Owner: postgres
--

COPY definir (idmusiquede, nomgenre) FROM stdin;
31	Hip-Hop
42	R&B
42	Soul
42	Funk
21	Hip-Hop
14	Hip-Hop
39	R&B
39	Soul
39	Funk
3	Pop
11	Hip-Hop
40	R&B
40	Soul
40	Funk
46	R&B
46	Soul
46	Funk
22	Hip-Hop
10	Hip-Hop
28	Hip-Hop
41	R&B
41	Soul
41	Funk
18	Hip-Hop
23	Hip-Hop
30	Hip-Hop
29	Hip-Hop
25	Hip-Hop
27	Hip-Hop
16	Hip-Hop
32	Hip-Hop
48	Rock
48	Dance
48	Pop
48	Funk
49	Rock
49	Dance
49	Pop
49	Funk
50	Rock
50	Dance
50	Soul
50	Funk
51	Rock
51	Dance
51	Pop
51	Funk
52	Rock
52	Dance
52	Pop
52	Funk
53	Rock
53	Dance
53	Pop
53	Funk
54	Rock
54	Dance
35	R&B
35	Soul
35	Funk
19	Rock
1	Pop
38	R&B
38	Soul
38	Funk
54	Pop
20	Hip-Hop
7	Hip-Hop
43	R&B
43	Soul
43	Funk
24	Hip-Hop
44	R&B
44	Soul
44	Funk
6	Hip-Hop
12	Hip-Hop
34	Hip-Hop
26	Hip-Hop
2	Pop
15	Hip-Hop
17	Hip-Hop
36	Hip-Hop
36	R&B
36	Soul
36	Funk
37	R&B
37	Soul
37	Funk
45	R&B
45	Soul
45	Funk
33	Hip-Hop
54	Funk
55	Rock
55	Dance
55	Pop
55	Funk
56	Rock
56	Dance
56	Pop
56	Funk
57	Rock
57	Dance
57	Pop
57	Funk
58	Rock
58	Dance
58	Pop
58	Funk
59	Rock
62	Hip-Hop
62	Pop
62	R&B
63	Hip-Hop
63	Pop
63	R&B
64	Hip-Hop
64	Pop
64	R&B
65	Hip-Hop
65	Pop
65	R&B
66	Hip-Hop
66	Pop
66	R&B
67	Hip-Hop
67	Pop
67	R&B
68	Hip-Hop
68	Pop
68	R&B
69	Hip-Hop
69	Pop
69	R&B
70	Hip-Hop
70	Pop
70	R&B
71	Hip-Hop
71	Pop
71	R&B
72	Hip-Hop
72	Pop
72	R&B
60	Hip-Hop
60	Pop
60	R&B
73	Pop
74	Pop
75	Pop
76	Pop
77	Pop
78	Pop
79	Pop
80	Pop
81	Pop
82	Pop
83	Pop
84	Dance
84	Pop
84	R&B
87	Dance
87	Pop
87	R&B
85	Dance
85	Pop
85	R&B
88	Dance
88	Pop
88	R&B
89	Dance
89	Pop
89	R&B
90	Dance
90	Pop
90	R&B
91	Dance
91	Pop
91	R&B
92	Dance
92	Pop
92	R&B
93	Dance
93	Pop
93	R&B
94	Dance
94	Pop
94	R&B
95	Dance
95	Pop
95	R&B
96	Dance
96	Pop
96	R&B
97	Dance
97	Pop
97	R&B
98	Dance
98	Pop
98	R&B
99	Dance
99	Pop
99	R&B
100	Dance
100	Pop
100	R&B
101	Dance
101	Pop
101	R&B
102	Dance
102	Pop
102	R&B
103	Dance
103	Pop
103	R&B
104	Dance
104	Pop
104	R&B
105	Dance
105	Pop
105	R&B
106	Dance
106	Pop
106	R&B
107	Dance
107	Pop
107	R&B
108	Dance
108	Pop
108	R&B
109	Dance
109	Pop
109	R&B
110	Dance
110	Pop
110	R&B
111	Dance
111	Pop
111	R&B
112	Dance
112	Pop
112	R&B
113	Dance
113	Pop
113	R&B
114	Dance
114	Pop
114	R&B
115	Dance
115	Pop
115	R&B
116	Dance
116	Pop
116	R&B
117	Dance
117	Pop
117	R&B
118	Dance
118	Pop
118	R&B
119	Dance
119	Pop
119	R&B
120	Dance
120	Pop
120	R&B
121	Dance
121	Pop
121	R&B
122	Dance
122	Pop
122	R&B
123	Dance
123	Pop
123	R&B
124	Dance
124	Pop
124	R&B
86	Dance
86	Pop
86	R&B
13	Hip-Hop
125	Pop
126	Pop
127	Pop
128	Pop
129	Pop
130	Pop
132	Pop
133	Pop
134	Pop
135	Pop
136	Pop
137	Pop
138	Pop
139	Pop
140	Pop
141	Pop
142	Pop
131	Pop
143	Rock
143	Pop
144	Rock
146	Rock
147	Rock
147	Soul
\.


--
-- Data for Name: utilisateur; Type: TABLE DATA; Schema: public; Owner: postgres
--

COPY utilisateur (idutilisateur, motdepasse, statut) FROM stdin;
admin	admin	t
user	user	f
admin2	admin2	t
\.


--
-- Data for Name: evaluer_album; Type: TABLE DATA; Schema: public; Owner: postgres
--

COPY evaluer_album (idutilisateureval, idalbumeval, noteeval, commentaireeval) FROM stdin;
admin	29	5	Ceci est un commentaire de ladminsitrateur
user	9	4	J'aime bien son timbre de voix, ça vaut bien un petit 4 non? :)
user	1	5	ggg
admin	1	5	super
admin	7	5	Oui
\.


--
-- Data for Name: evaluer_musique; Type: TABLE DATA; Schema: public; Owner: postgres
--

COPY evaluer_musique (idutilisateurevmu, idmusiqueevmu, noteevmu, commentaireevmu) FROM stdin;
admin	3	5	ijij
admin	10	5	Magnifique Musique
admin	7	5	Excellent Morceau
admin	1	5	Je pleure à chaque fois devant un album si beau
user	6	5	Ceci est un commentaire
\.


--
-- Name: groupe_idgroupe_seq; Type: SEQUENCE SET; Schema: public; Owner: postgres
--

SELECT pg_catalog.setval('groupe_idgroupe_seq', 4, true);


--
-- Name: musique_idmusique_seq; Type: SEQUENCE SET; Schema: public; Owner: postgres
--

SELECT pg_catalog.setval('musique_idmusique_seq', 148, true);


--
-- Data for Name: recompense; Type: TABLE DATA; Schema: public; Owner: postgres
--

COPY recompense (idrecompense, nomrecompense, daterecompense, descriptionrecompense) FROM stdin;
8	brit award de la révélation britannanique	2012-01-01	Compositeur Ed Sheeran
1	mtv europe music award du meilleur 	2015-01-01	Compositeur Ed Sheeran
9	ordre de l'empire britanique	2017-06-17	Ed Sheeran est fait membre de l'Ordre de l'Empire britannique (MBE) par la Reine Elisabeth II à l'occasion de la Queen's Birthday Honours List le 17 juin 2017.
5	révélation masculine virgin radio	2014-03-03	
2	victoire de la chanson originale	2016-02-12	Victoires de la musique 2016 : Victoire de la chanson originale pour Sapés comme jamais en featuring avec Niska.
7	victoire de la musique	2017-02-12	catégorie « Chanson originale de l'année » pour le titre Je m'en vais.\r\n
6	victoire de la musique	2016-02-12	catégorie Artiste interprète de l'année
3	w9 d'or de la musique 2016	2016-11-23	W9 d'or de la musique 2016 : Titre Français le plus écouté en streaming pour Sapés comme jamais
4	w9 d'or de la musique 2016	2016-11-23	W9 d'or de la musique 2016 : Vidéoclip Français le plus regardé sur internet pour Sapés comme jamais\r\n
10	grammy award de la chanson de l'année	2010-01-01	Put a Ring on It
12	césar du meilleur espoir féminin	2015-01-01	La famille Bélier
13	victoire de l'album révélation de l'année	2016-01-01	Chambre 12
14	grammy award du meilleur nouvel artiste 	2011-01-29	Grammy Award du meilleur nouvel artiste de 2011
15	grammy award de l'enregistrement de l'année	2017-01-29	Grammy Award de l'enregistrement de l'année pour Work
16	grammy award de la meilleure chanson rap	2017-01-29	Grammy Award de la meilleure chanson rap 2017 pour Hotline Bling
\.


--
-- Data for Name: obtenir_artiste; Type: TABLE DATA; Schema: public; Owner: postgres
--

COPY obtenir_artiste (idrecompenseoa, idartisteoa) FROM stdin;
8	6
1	6
9	6
5	1
2	5
7	1
6	1
3	5
4	5
10	9
12	2
13	2
14	4
15	3
15	4
16	4
\.


--
-- Name: recompense_idrecompense_seq; Type: SEQUENCE SET; Schema: public; Owner: postgres
--

SELECT pg_catalog.setval('recompense_idrecompense_seq', 16, true);


--
-- PostgreSQL database dump complete
--

